time,ax (m/s^2),ay (m/s^2),az (m/s^2),aT (m/s^2)
0.120549560546875,3.4241,2.4203,8.8869,9.8265
0.139142822265625,3.8046,2.8678,8.8355,10.0382
0.15773583984375,3.8489,2.6584,8.5651,9.7592
0.176328857421875,3.4086,2.2313,8.546,9.4673
0.194922119140625,1.9836,2.7338,9.0473,9.6572
0.213515380859375,0.7789,3.1729,9.2076,9.77
0.2321083984375,0.384,3.5079,8.4921,9.1961
0.250701416015625,0.5994,4.3023,8.3701,9.4301
0.269294677734375,1.1653,4.4841,8.6512,9.8137
0.2878876953125,1.273,4.2233,9.4481,10.427
0.306481201171875,1.2419,3.4828,10.2879,10.9322
0.32507421875,1.3316,3.1956,9.5378,10.1467
0.34366748046875,1.1593,3.3715,8.1595,8.9044
0.362260498046875,0.7681,3.4397,8.15,8.8794
0.380853515625,0.4283,3.4325,8.9934,9.6357
0.39944677734375,0.5922,3.1322,9.1167,9.6579
0.4180400390625,0.6592,2.8487,8.6058,9.0889
0.436633056640625,0.5145,2.8367,8.9803,9.4317
0.45522607421875,1.0074,2.6273,9.7962,10.1923
0.4738193359375,1.2981,2.7876,10.4411,10.8845
0.492412353515625,1.1306,2.8798,10.0235,10.4901
0.511005615234375,1.0313,2.7374,10.0798,10.4956
0.5295986328125,0.9547,2.7254,10.2497,10.6487
0.548191650390625,1.1426,2.9515,10.2042,10.6838
0.566784912109375,1.6403,3.2291,9.9063,10.5476
0.585378173828125,1.718,3.2877,9.7567,10.4381
0.60397119140625,1.4429,3.0724,9.6969,10.2738
0.622564208984375,0.7717,2.8774,9.2004,9.6707
0.641157470703125,0.4522,3.0604,8.601,9.1405
0.65975048828125,0.1304,3.186,8.7601,9.3224
0.67834375,0.1328,2.9492,8.6393,9.1298
0.69693701171875,-0.0526,2.7362,8.4766,8.9074
0.715530029296875,-0.2764,2.9384,9.0042,9.4755
0.734123291015625,0.3051,2.7769,8.9934,9.4173
0.75271630859375,0.676,2.8128,8.5519,9.028
0.7713095703125,0.8794,2.9061,8.1727,8.7185
0.789902587890625,0.3111,3.1645,8.4646,9.0422
0.80849560546875,-0.0251,3.2267,9.2219,9.7702
0.8270888671875,0.7633,3.0006,8.5819,9.1233
0.845681884765625,1.1713,2.8798,8.2301,8.7977
0.864275146484375,0.8303,2.7254,9.472,9.8912
0.8828681640625,0.8088,2.2887,10.0487,10.3377
0.901461181640625,1.0062,2.3677,9.4373,9.7817
0.920054443359375,0.9511,2.9803,9.0305,9.557
0.9386474609375,0.9535,3.0879,8.5914,9.1792
0.95724072265625,0.7777,3.0377,8.7553,9.2999
0.975833740234375,0.9392,3.0269,8.7206,9.2787
0.9944267578125,1.273,2.869,8.7852,9.3291
1.013019775390625,1.5194,2.5005,9.1848,9.6396
1.031613037109375,1.0241,2.5675,10.2245,10.5916
1.0502060546875,0.9488,2.6154,10.6361,10.9939
1.068799072265625,1.401,2.796,10.4231,10.8822
1.087392333984375,1.7312,2.9862,9.8859,10.4712
1.1059853515625,1.681,2.9982,9.6742,10.2667
1.124578857421875,1.3507,2.8989,9.7496,10.2607
1.143171875,0.6173,2.7362,9.8429,10.2347
1.161764892578125,0.1352,2.5627,9.5569,9.8955
1.18035791015625,0.2213,2.4562,9.0915,9.4201
1.198951171875,0.2381,2.4383,8.4802,8.827
1.217544189453125,0.1842,2.2947,8.2181,8.5345
1.236137451171875,-0.073,2.1894,7.8796,8.1784
1.25473046875,0.0096,2.3043,8.2469,8.5627
1.273323486328125,0.4343,2.193,8.5663,8.8532
1.29191650390625,0.4762,2.3773,8.9922,9.3133
1.310509765625,0.0861,2.7374,11.5418,11.8623
1.329102783203125,0.4869,2.2899,16.2437,16.4115
1.347696044921875,0.9236,2.2708,18.1783,18.3428
1.3662890625,2.9504,3.1705,17.9055,18.4218
1.384882080078125,5.3827,3.6586,18.859,19.9505
1.40347509765625,4.3286,3.5019,19.8245,20.5916
1.422068359375,0.7669,3.7998,17.677,18.097
1.440661376953125,-1.1174,5.0237,14.7888,15.6587
1.45925439453125,-0.1089,6.0311,14.5208,15.7239
1.47784765625,2.8211,5.6136,15.6885,16.8997
1.496440673828125,3.2746,4.0439,15.2507,16.1139
1.51503369140625,0.7274,2.3318,12.8495,13.0796
1.533626708984375,-2.528,0.987,9.1561,9.5499
1.55222021484375,-4.203,0.3721,5.7703,7.1484
1.570813232421875,-4.3597,0.536,3.271,5.4767
1.58940625,-2.6955,0.548,1.5422,3.1535
1.607999267578125,0.2405,0.4929,0.4989,0.7414
1.626592529296875,2.668,0.8889,-1.864,3.3739
1.645185546875,3.1944,1.2275,-4.7533,5.8571
1.663778564453125,-0.1077,0.5958,-6.542,6.5699
1.682371826171875,-2.3809,0.3781,-7.3843,7.7678
1.70096484375,-1.4991,0.6676,-6.3111,6.5209
1.719557861328125,-1.2598,-1.4704,-4.6313,5.0198
1.73815087890625,-2.0327,-0.317,1.474,2.5308
1.756743896484375,-0.5683,0.134,3.5653,3.6128
1.775337158203125,2.2361,0.0335,7.1079,7.4514
1.79393017578125,5.5609,0.9248,11.1589,12.502
1.812523193359375,6.8495,3.1286,14.3103,16.1706
1.8311162109375,6.4798,5.3133,20.1619,21.8339
1.84970947265625,4.4088,6.0754,26.7805,27.8126
1.868302490234375,1.7372,8.5508,26.0782,27.4992
1.8868955078125,0.4104,12.7705,21.399,24.9233
1.905488525390625,-2.0016,15.3739,14.7482,21.3979
1.92408154296875,-3.9374,16.1647,12.658,20.9052
1.9426748046875,-3.0066,15.8094,10.6325,19.288
1.961267822265625,-2.1715,14.193,9.8931,17.4365
1.97986083984375,0.7789,10.2736,14.8881,18.1055
1.998453857421875,1.3172,6.1735,18.1699,19.2352
2.017047119140625,0.2548,3.5533,15.4636,15.8687
2.035639892578125,-2.4897,1.6917,11.8313,12.2082
2.0542333984375,-3.9087,-0.0012,10.8359,11.5193
2.072826416015625,-3.0473,-0.0072,8.79,9.3033
2.09141943359375,-0.6425,0.4798,6.2213,6.2728
2.110012451171875,0.8865,0.7071,4.2305,4.3799
2.128605712890625,1.0217,0.5599,1.9585,2.2789
2.14719873046875,0.9392,0.3458,-0.4008,1.0781
2.165791748046875,0.6281,0.3206,-2.187,2.2979
2.184384765625,0.676,0.3027,-3.1286,3.2151
2.202977783203125,1.4668,0.1627,-2.6381,3.0228
2.22157080078125,2.2839,-0.0287,-1.3627,2.6597
2.2401640625,1.919,-0.1077,0.8925,2.1192
2.258757080078125,0.9284,-0.3517,1.3232,1.6543
2.27735009765625,-0.8315,-0.548,0.3458,1.0541
2.295943115234375,-0.8818,0.25,0.1938,0.9368
2.3145361328125,0.5396,1.6331,1.5924,2.3439
2.33312939453125,1.8485,2.8271,4.8574,5.9164
2.351722412109375,3.1382,4.8826,9.3787,11.0294
2.3703154296875,2.0818,8.5878,17.9426,20.0005
2.388908447265625,-2.3079,10.5966,26.6548,28.7766
2.40750146484375,-4.3789,11.0955,26.802,29.3365
2.426094482421875,-4.2544,12.8854,22.6277,26.3846
2.4446875,-5.9258,13.742,21.1561,25.9141
2.463280517578125,-6.122,13.7862,20.4359,25.4001
2.48187353515625,-6.3673,14.9635,18.6126,24.7159
2.500466796875,-6.3589,14.9061,14.0231,21.4307
2.519059814453125,-5.4317,14.0937,10.8634,18.6051
2.53765283203125,-2.6058,10.0235,8.7876,13.5825
2.556245849609375,-0.8064,6.2177,6.865,9.2973
2.5748388671875,0.4463,3.2578,6.1304,6.9566
2.593431884765625,1.5625,1.5936,5.8217,6.2349
2.61202490234375,1.4596,0.9332,5.2917,5.5681
2.6306181640625,1.3663,0.2656,5.1254,5.3111
2.649211181640625,0.9165,0.0084,4.1049,4.206
2.66780419921875,0.5994,-0.1172,1.462,1.5845
2.6863974609375,0.3709,-0.1783,-1.3914,1.451
2.704990478515625,0.6772,-0.0395,-3.5222,3.587
2.72358349609375,2.5244,0.2465,-4.2257,4.9285
2.742176513671875,2.9204,0.5635,-3.9434,4.9393
2.76076953125,1.7408,0.3912,-3.1741,3.6412
2.779362548828125,1.212,-0.1161,-1.468,1.9072
2.79795556640625,0.9918,-0.6269,0.3206,1.2164
2.816548583984375,0.8243,-0.7011,1.8879,2.1761
2.8351416015625,0.804,-0.3326,2.8499,2.9797
2.853734619140625,0.6748,0.4929,3.5749,3.6712
2.87232763671875,0.7537,1.413,4.7976,5.0578
2.890920654296875,1.6283,2.6991,7.7097,8.3292
2.909513671875,4.2724,4.7462,13.2036,14.6668
2.928106689453125,4.806,8.6656,21.3847,23.5689
2.94669970703125,1.3783,12.5384,25.6164,28.5536
2.965292724609375,-0.5192,14.2816,25.4058,29.1494
2.983885986328125,-0.6867,16.3585,26.9097,31.4993
3.00247900390625,1.2646,14.5962,26.7111,30.4652
3.021072021484375,1.8544,14.9683,23.3719,27.8161
3.0396650390625,1.3196,15.5019,18.7681,24.3781
3.058258056640625,-0.3027,14.0279,15.0915,20.6065
3.07685107421875,-1.0337,11.452,14.2193,18.2868
3.095444091796875,1.0397,7.6558,13.2096,15.3031
3.114037109375,3.6335,4.8467,11.616,13.1005
3.132630126953125,4.4183,2.9025,7.9262,9.5274
3.15122314453125,2.7541,1.1282,4.7509,5.6062
3.169816162109375,0.3733,-0.6592,3.7496,3.8253
3.1884091796875,-1.541,-1.1904,3.4959,4.0016
3.207002197265625,-2.3701,-1.2491,2.9671,3.9976
3.22559521484375,-2.3653,-1.2981,1.2144,2.9588
3.244188232421875,-1.7348,-1.0816,-1.5529,2.5673
3.262781494140625,-0.7801,-0.8722,-3.9769,4.1454
3.28137451171875,0.408,-0.2692,-4.7569,4.782
3.299967529296875,1.8281,0.384,-2.7434,3.319
3.318560546875,1.9932,0.2764,-0.8734,2.1937
3.337153564453125,1.6295,-0.0359,-0.0407,1.6304
3.35574658203125,1.0445,0.0455,0.3242,1.0946
3.374339599609375,0.6078,-0.1472,0.6066,0.8712
3.3929326171875,0.7681,-0.0084,1.0385,1.2917
3.41152587890625,0.81,0.3541,1.0301,1.3574
3.430118896484375,1.2215,1.0421,0.5731,1.7048
3.4487119140625,0.9428,2.4335,2.0818,3.3383
3.467304931640625,0.6365,5.3336,7.206,8.9877
3.48589794921875,0.9906,10.9017,14.4538,18.1312
3.504490966796875,4.1264,15.1442,22.2688,27.2447
3.523083984375,4.6768,14.7984,27.2878,31.3925
3.541677001953125,5.4221,9.6215,34.3573,36.0888
3.56027001953125,2.0279,5.5119,31.9011,32.4372
3.578863037109375,-2.132,5.6542,28.8359,29.4623
3.5974560546875,-2.4562,7.4309,28.727,29.774
3.616049072265625,-1.3902,6.4032,26.6812,27.474
3.63464208984375,-1.9561,5.147,20.9336,21.6456
3.653235107421875,-1.5577,3.1298,15.0664,15.4667
3.671828125,-1.2108,1.2251,9.6861,9.8381
3.690421142578125,-1.4369,-0.1519,6.0514,6.2216
3.70901416015625,-1.6941,-1.1318,4.7007,5.1232
3.727607177734375,-2.1667,-1.4166,4.9101,5.5507
3.7462001953125,-2.3892,-1.206,5.2199,5.8661
3.764793212890625,-2.6608,-1.1474,4.8048,5.6109
3.78338623046875,-2.9791,-1.803,2.5125,4.294
3.801979248046875,-3.2004,-1.8114,-0.25,3.6859
3.820572265625,-2.2325,-1.4572,-1.8126,3.2238
3.83916552734375,-0.9428,-1.127,-2.4682,2.8725
3.857758544921875,0.2034,-0.8925,-2.9372,3.0765
3.8763515625,0.7968,-0.408,-2.3653,2.529
3.89494482421875,0.853,-0.1065,-1.0804,1.3806
3.913537841796875,0.5779,-0.25,-0.2166,0.6658
3.932130859375,-0.1531,-0.0144,-0.8399,0.8538
3.950723876953125,-0.7286,0.5791,-1.5829,1.8362
3.96931689453125,-0.1878,1.1246,-0.7226,1.3499
3.987909912109375,-0.0431,1.3795,3.3057,3.5822
4.0065029296875,-0.0395,2.0064,11.4604,11.6348
4.025095947265625,-1.5302,3.5234,24.2668,24.569
4.04368896484375,-8.8834,6.2189,28.2604,30.2695
4.062281982421875,-12.3685,9.7771,24.2393,28.9156
4.080875,-10.5787,11.9892,28.2413,32.4534
4.099468017578125,-9.5498,11.1003,32.5819,35.721
4.11806103515625,-11.2558,11.4497,29.4748,33.5641
4.136654052734375,-12.3601,12.3183,24.4223,30.016
4.1552470703125,-9.4074,11.5825,17.9282,23.3254
4.173840087890625,-6.2082,10.8108,11.4604,16.9339
4.19243310546875,-1.5254,8.2158,7.4094,11.168
4.211026123046875,0.8949,5.0967,5.3348,7.4322
4.229619140625,1.2191,1.9167,4.3585,4.9149
4.248212158203125,0.9488,0.0873,3.5856,3.7101
4.26680517578125,0.1687,-0.6568,2.15,2.2544
4.285398193359375,-0.463,-1.5003,0.5683,1.6698
4.3039912109375,-0.6245,-1.9382,-0.3051,2.059
4.322584228515625,-0.6975,-2.1129,-1.0923,2.4787
4.34117724609375,-0.7765,-2.0052,-2.5113,3.3061
4.359770263671875,-0.725,-1.5194,-3.6239,3.9959
4.37836328125,-0.2991,-0.853,-3.6682,3.7779
4.396956298828125,0.8219,-0.9464,-2.875,3.1363
4.41554931640625,0.5492,-0.7513,-1.1677,1.4932
4.434142333984375,-0.4487,-0.2512,0.8124,0.9614
4.4527353515625,-0.4774,-0.0491,1.5649,1.6368
4.471328369140625,-0.3505,0.4116,1.5147,1.6082
4.48992138671875,-0.2632,1.3519,2.1021,2.5131
4.508514404296875,-0.3745,2.2062,3.6048,4.2429
4.527107421875,0.1842,3.4863,5.6435,6.6361
4.545700439453125,0.7358,5.7846,9.4481,11.1027
4.56429345703125,-1.4166,9.2315,16.3083,18.7933
4.582886474609375,-4.325,11.3707,21.9362,25.0838
4.601479736328125,-3.3787,13.7683,26.3641,29.9341
4.62007275390625,-3.5581,16.3406,28.5906,33.1225
4.638665771484375,-7.4883,17.8576,29.1278,34.9771
4.6572587890625,-10.9412,19.1749,25.3304,33.6008
4.675851806640625,-5.9809,20.857,22.349,31.149
4.694444580078125,-0.8064,19.2132,18.9811,27.0199
4.71303759765625,-1.4776,14.5065,13.6618,19.9817
4.731630615234375,-0.4403,10.3071,9.1956,13.8199
4.7502236328125,0.2082,6.3565,4.8395,7.9918
4.768816650390625,2.6453,3.8142,0.9535,4.7386
4.78740966796875,4.4566,1.0983,-1.8987,4.9672
4.806002685546875,3.3547,-1.6008,-3.0987,4.8393
4.824595703125,-0.4271,-2.8439,-1.9693,3.4854
4.843188720703125,-3.3679,-2.9456,0.4068,4.4927
4.86178173828125,-3.7747,-2.6572,1.6211,4.8926
4.880374755859375,-2.6118,-2.26,0.2166,3.4606
4.8989677734375,-1.5517,-1.6618,-2.345,3.2663
4.926857177734375,0.658,-0.4786,-5.3145,5.3764
4.9454501953125,1.0158,-0.2548,-5.3731,5.4742
4.964043212890625,0.7095,-0.3206,-3.7854,3.8647
4.98263623046875,0.9763,-0.1831,-0.7956,1.2726
5.001229248046875,1.3639,-0.4534,1.6941,2.2217
5.019822265625,0.4762,-1.212,2.5926,2.9013
5.038415283203125,-0.3733,-0.7226,1.852,2.0228
5.057008056640625,0.938,0.8985,0.7119,1.4812
5.07560107421875,2.5878,3.0341,1.3807,4.2201
5.094194091796875,2.9743,5.604,5.0393,8.1022
5.112787109375,3.4385,9.9003,12.7502,16.5047
5.131380126953125,1.6463,17.3803,22.7462,28.6735
5.14997314453125,1.8772,18.347,31.0923,36.1506
5.168566162109375,-0.3936,19.5051,32.3019,37.7362
5.1871591796875,-0.4738,18.079,34.7988,39.2177
5.205752197265625,-3.393,19.486,28.6373,34.8039
5.224344970703125,-2.8893,19.1282,21.5522,28.9609
5.24293798828125,-1.9968,17.4365,17.872,25.0485
5.261531005859375,1.5039,14.455,15.2949,21.0984
5.2801240234375,4.2329,10.4016,10.4112,15.3135
5.298717041015625,3.2722,5.9198,5.1266,8.4873
5.31731005859375,1.2168,1.8688,2.7613,3.5493
5.335903076171875,-0.9176,-0.3051,2.6177,2.7907
5.35449609375,-2.6919,-1.4955,2.5663,4.0086
5.3730888671875,-2.7182,-1.5482,3.2506,4.5114
5.391681884765625,-1.3424,-0.6341,3.5474,3.8455
5.41027490234375,-0.6748,-0.3625,0.3864,0.8579
5.428867919921875,1.8401,-0.7011,-2.6847,3.3295
5.4474609375,1.8999,-0.9069,-3.2818,3.899
5.46605419921875,1.7755,0.3649,-3.2375,3.7104
5.484647216796875,1.7623,0.262,-2.3976,2.9871
5.503240234375,0.201,-0.0778,-0.4128,0.4656
5.521833251953125,-1.2479,0.3015,2.2038,2.5504
5.540426025390625,-1.2443,0.6114,3.874,4.1146
5.55901904296875,0.3697,0.6138,3.5605,3.6319
5.577612060546875,0.6425,0.4152,3.1143,3.2068
5.596205078125,-0.1484,1.2754,2.6524,2.9469
5.614798095703125,-0.3996,1.6128,2.5711,3.0612
5.633390869140625,-2.2528,1.5876,2.6106,3.7962
5.65198388671875,-3.1789,3.8189,3.5629,6.1142
5.670576904296875,2.6644,6.5599,7.3304,10.1915
5.689169921875,9.1573,8.4,20.54,24.0064
5.7077626953125,9.2231,11.281,32.345,35.4757
5.726355712890625,9.9541,12.0072,33.4158,36.8764
5.74494873046875,4.1216,11.9665,30.0527,32.609
5.763541748046875,-1.0911,12.3553,29.8672,32.3403
5.782134765625,-2.0195,12.67,27.2351,30.1058
5.800727783203125,-1.9167,11.9198,23.6291,26.5347
5.81932080078125,-0.1651,9.8931,21.5294,23.6942
5.83791357421875,0.9691,8.4909,18.3446,20.2376
5.856506591796875,1.1593,6.2189,11.4473,13.079
5.875099609375,-0.3733,3.5988,5.6207,6.6846
5.893692626953125,-2.4562,0.8076,2.9145,3.8961
5.912285400390625,-3.6885,-1.4022,3.0365,4.9791
5.93087841796875,-2.8726,-1.1892,3.3069,4.5389
5.949471435546875,-0.8447,-1.0074,1.8748,2.2898
5.968064453125,0.4594,-1.0935,-0.4546,1.2703
5.9866572265625,0.8291,-0.7083,-2.9982,3.1903
6.005250244140625,1.389,-0.8495,-4.9759,5.2355
6.02384326171875,1.4632,-1.0516,-6.0467,6.3094
6.042436279296875,1.066,-1.4704,-5.1577,5.4681
6.061029296875,0.5563,-1.5159,-2.3115,2.8196
6.0796220703125,-0.0598,-0.9846,0.2094,1.0084
6.098215087890625,-0.1519,-1.078,1.8162,2.1174
6.11680810546875,-0.3398,-1.1677,2.4694,2.7526
6.13540087890625,-0.39,-0.5647,3.0293,3.1061
6.153993896484375,-0.3697,-0.0622,3.2016,3.2235
6.1725869140625,-0.871,0.3482,3.0616,3.2021
6.1911796875,0.3709,1.0636,4.0534,4.207
6.209772705078125,4.1934,2.0794,10.8239,11.7926
6.22836572265625,1.7946,8.0303,22.6182,24.0684
6.246958740234375,-6.8722,12.3218,28.7892,32.0605
6.2655517578125,-11.2247,13.9202,25.1976,30.898
6.28414453125,-9.9577,16.0953,28.1731,33.9402
6.302737548828125,-6.1017,15.4887,26.0925,30.9508
6.32133056640625,-7.8951,16.9005,16.3358,24.7955
6.33992333984375,-6.1795,17.0249,11.2941,21.3446
6.358516357421875,-0.7478,13.3902,15.6419,20.604
6.377109375,0.737,8.8953,16.8263,19.0472
6.3957021484375,0.5527,4.6696,13.9705,14.7406
6.414295166015625,-0.5001,1.8425,11.0836,11.2468
6.43288818359375,-1.8784,0.3912,6.7394,7.0072
6.451481201171875,-1.3292,-0.1866,2.9396,3.2315
6.470073974609375,0.7107,-0.3637,0.6891,1.0546
6.4886669921875,1.5781,-0.2166,-0.737,1.7551
6.507259765625,2.7338,-0.7466,-1.7647,3.3384
6.525852783203125,2.5651,-1.0481,-1.858,3.3362
6.54444580078125,1.1509,-1.602,-1.1306,2.2736
6.56303857421875,-0.6712,-1.9322,-0.2608,2.062
6.581631591796875,-1.4512,-1.6355,0.2381,2.1995
6.600224609375,-0.8782,-1.4249,0.8124,1.8605
6.618817626953125,-0.2309,-0.9033,1.4249,1.7028
6.637410400390625,-0.2022,-0.2596,1.4668,1.5033
6.65600341796875,-0.0885,-0.0778,0.9882,0.9952
6.67459619140625,0.1364,-0.0048,1.3137,1.3207
6.693189208984375,0.5683,0.4199,1.864,1.9934
6.7117822265625,1.6092,0.8375,3.3105,3.7749
6.730375,1.1833,1.5673,5.33,5.6803
6.748968017578125,0.2465,2.4826,7.8114,8.2001
6.76756103515625,-0.2429,4.7115,10.4243,11.4422
6.78615380859375,0.5503,7.5757,19.1115,20.5656
6.804746826171875,1.7001,8.0399,26.7446,27.9786
6.823339599609375,-0.4451,6.2859,31.1007,31.7327
6.8419326171875,-7.078,6.3182,34.3406,35.6272
6.86052587890625,-6.268,7.9956,33.0341,34.5611
6.879118896484375,-1.0552,9.7567,28.4351,30.0809
6.897711669921875,-0.92,9.7077,23.3695,25.3223
6.9163046875,-1.6582,7.9394,19.8939,21.4838
6.9348974609375,-1.4345,5.8851,16.7007,17.7653
6.953490478515625,-1.2921,4.0056,12.1328,12.8421
6.972083251953125,-1.9394,2.2732,8.9886,9.4723
6.99067626953125,-1.3208,1.4489,7.1916,7.4541
7.009269287109375,-1.0636,1.3352,5.4066,5.6697
7.027862060546875,-0.7274,1.1139,4.471,4.6647
7.046455078125,0.1077,1.267,3.9027,4.1046
7.0650478515625,1.2215,1.2191,0.7681,1.889
7.083640869140625,1.6104,1.0648,-2.7386,3.3507
7.10223388671875,0.9978,0.4092,-4.118,4.2569
7.12082666015625,0.2381,-0.1675,-4.7581,4.767
7.139419677734375,-0.5791,-0.5515,-3.3117,3.4069
7.158012451171875,-0.7872,-0.7525,0.4331,1.172
7.17660546875,0.1986,-0.6329,2.2361,2.3324
7.195198486328125,0.6939,-0.5372,1.8843,2.0787
7.213791259765625,0.8327,-0.6329,1.7587,2.0462
7.23238427734375,0.0502,-0.7107,1.6044,1.7555
7.25097705078125,-0.536,-0.4654,1.3831,1.5546
7.269570068359375,-0.2524,-0.2441,0.883,0.9502
7.288162841796875,-0.5432,-0.1914,2.3928,2.4612
7.306755859375,-1.2335,0.1268,6.2895,6.4106
7.3253486328125,0.0766,2.1655,8.0913,8.3764
7.343941650390625,1.2251,5.2295,14.1093,15.097
7.36253466796875,-3.9709,5.062,34.8144,35.4038
7.38112744140625,-8.4144,4.6995,45.1442,46.1615
7.399720458984375,-9.9864,6.195,34.2126,36.1747
7.418313232421875,-10.4614,7.4596,27.4445,30.3032
7.43690625,-9.9147,6.8231,28.5141,30.9501
7.455499267578125,-8.2301,6.2524,26.2995,28.2576
7.474092041015625,-5.7535,5.129,22.1575,23.4599
7.49268505859375,-4.3478,3.4588,17.1458,18.0234
7.51127783203125,-2.7063,2.5651,11.1266,11.7348
7.529870849609375,-0.9356,0.9236,6.2058,6.3435
7.548463623046875,-1.3639,-0.7501,3.6574,3.9749
7.567056640625,-3.0317,-1.7862,2.1129,4.1044
7.5856494140625,-2.4179,-1.8652,2.0387,3.6717
7.604242431640625,2.4718,-0.786,1.0337,2.7922
7.622835205078125,3.5737,-0.1448,-1.7922,4.0005
7.64142822265625,2.857,-0.3888,-4.276,5.1573
7.660021240234375,0.7119,-0.8459,-5.8026,5.907
7.678614013671875,-0.8447,-0.9918,-4.7031,4.8802
7.697206787109375,-1.5517,-0.8076,-1.6271,2.3891
7.7157998046875,0.1651,-1.273,0.8949,1.5648
7.734392578125,1.2203,-0.8937,1.7276,2.2962
7.752985595703125,0.7884,-0.5599,0.2752,1.0054
7.77157861328125,-0.0491,0.0921,-1.3866,1.3906
7.79017138671875,0.122,0.4929,-1.2239,1.3251
7.80876416015625,0.7274,0.2369,-0.0371,0.7659
7.827357177734375,0.1711,0.2417,3.2028,3.2165
7.8459501953125,0.4152,0.3314,5.4712,5.4969
7.86454296875,0.8255,1.7264,7.2263,7.4754
7.8831357421875,-0.8925,5.988,11.7679,13.2339
7.901728759765625,-4.7785,10.7186,22.3418,25.2365
7.920321533203125,-7.6726,9.9577,25.3974,28.3382
7.93891455078125,-9.4624,9.1274,31.0325,33.7026
7.957507568359375,-14.0674,8.4778,35.9593,39.5328
7.976100341796875,-14.4419,8.0459,32.333,36.3143
7.994693115234375,-9.1549,8.6836,26.796,29.6183
8.0132861328125,-2.9803,7.4776,24.3374,25.6341
8.031879150390624,-1.2132,4.7139,20.68,21.2451
8.050471923828125,-2.9647,3.1286,16.3908,16.9481
8.069064697265626,-2.6501,1.3328,14.0542,14.3639
8.08765771484375,-2.3533,-0.1029,9.2865,9.5806
8.10625048828125,-1.5601,-0.2046,3.4253,3.7694
8.124843505859374,-0.9129,-0.5982,-0.993,1.4756
8.143436279296875,-0.2082,-0.5958,-3.0389,3.1037
8.162029052734376,1.4273,-0.1077,-2.613,2.9793
8.1806220703125,1.6451,-0.5683,-2.2062,2.8101
8.199215087890625,-0.0718,-0.7226,-1.7683,1.9116
8.217807861328126,-0.7023,-0.5013,-2.6704,2.8063
8.236400634765625,-0.3745,-0.6891,-3.5833,3.6681
8.25499365234375,0.006,-0.5587,-2.9862,3.0381
8.27358642578125,0.3829,-0.6485,-1.4728,1.6541
8.292179443359375,0.2967,-0.8028,-0.0837,0.86
8.310772216796876,-0.1484,-0.6257,0.591,0.8734
8.329364990234374,0.2237,-0.3278,1.0229,1.0972
8.3479580078125,1.0612,0.1448,0.9212,1.4127
8.366551025390624,0.536,-0.1986,1.7755,1.8652
8.385143798828125,-0.8052,0.1424,3.7878,3.8751
8.403736572265625,-1.4967,1.9669,5.5765,6.0997
8.422329345703124,-1.3005,6.0622,10.7785,12.4345
8.44092236328125,-1.602,7.9908,24.1711,25.5081
8.459515380859376,-4.1228,6.2668,30.0945,31.0153
8.478108154296875,-5.4616,9.5198,31.0876,32.9681
8.496700927734375,-6.95,8.6548,34.3789,36.1264
8.5152939453125,-9.5593,9.4923,35.6531,38.1133
8.53388671875,-6.0993,11.0142,29.3946,31.9775
8.552479736328126,-3.8345,11.0536,22.6995,25.5373
8.571072509765624,-2.3186,10.0714,18.743,21.4035
8.589665283203125,-1.194,8.4921,13.7109,16.1719
8.60825830078125,0.3099,6.4032,8.5208,10.6631
8.62685107421875,0.1878,3.3667,5.7021,6.6245
8.64544384765625,-1.1629,0.8471,5.1733,5.3696
8.664036865234374,-2.0423,-0.5803,4.4195,4.9031
8.6826298828125,-2.4562,-1.1928,2.9647,4.0306
8.70122265625,-1.5386,-1.2096,1.3639,2.3855
8.7198154296875,0.5886,-0.7968,-0.7334,1.2326
8.738408203125,0.8698,-0.7047,-2.8582,3.0696
8.757001220703126,0.816,-0.603,-4.252,4.3714
8.775593994140625,0.8052,-0.9404,-5.2128,5.3578
8.79418701171875,0.5695,-1.0576,-4.7821,4.9306
8.81277978515625,0.5683,-1.2921,-2.3462,2.7381
8.831372802734375,0.457,-1.1617,0.5551,1.3662
8.849965576171876,0.7573,-0.9703,1.2718,1.7699
8.868558349609375,0.4786,-0.8949,1.0792,1.4814
8.8871513671875,-0.2177,-0.615,1.9729,2.0779
8.905744140625,-0.3924,-0.3111,3.0138,3.0551
8.9243369140625,-0.1376,0.1543,2.7709,2.7786
8.942929931640625,0.6784,1.5649,2.5507,3.0685
8.961522705078124,-0.4762,3.0616,7.3292,7.9572
8.98011572265625,-3.0808,5.7535,17.5322,18.7076
8.99870849609375,-4.3095,9.6981,22.3286,24.7223
9.01730126953125,-3.6586,10.7402,26.3103,28.6525
9.035894287109375,-5.4485,7.2467,37.5135,38.5935
9.054487060546874,-9.5833,7.2407,39.4852,41.2716
9.073079833984377,-7.9119,8.9336,31.0959,33.3071
9.091672607421875,-5.6985,9.4026,25.5075,27.7761
9.110265625,-2.8834,8.1619,22.9747,24.5513
9.1288583984375,1.1007,7.1019,16.4172,17.9213
9.147451416015626,2.004,4.8718,9.9003,11.2146
9.166044189453125,-0.1184,1.8891,5.9151,6.2105
9.18463720703125,-2.0913,-0.1842,3.88,4.4115
9.20322998046875,-2.9145,-1.2993,4.7605,5.731
9.22182275390625,-2.814,-1.4321,4.0893,5.1664
9.24041552734375,-0.5635,-0.6341,1.9848,2.1585
9.259008544921874,1.2239,-0.4056,-0.1005,1.2933
9.277601318359377,1.0911,-0.2536,-1.6714,2.0121
9.296194091796876,0.9165,-0.0419,-2.9946,3.132
9.314787109375,0.7095,-0.4415,-2.9886,3.1033
9.3333798828125,0.128,-1.0445,-0.5168,1.1724
9.35197265625,0.7382,-0.9392,1.1055,1.6276
9.370565673828125,2.1224,-0.7956,0.999,2.477
9.389158447265626,0.8435,-0.4642,1.0552,1.4284
9.407751220703124,-1.4118,-0.1149,1.6391,2.1663
9.42634423828125,-2.272,0.4499,1.547,2.7852
9.44493701171875,-1.73,1.2467,1.3567,2.5274
9.463530029296876,-1.6044,1.401,2.1296,3.012
9.482122802734375,-0.7825,2.1535,4.5799,5.121
9.500715576171874,-1.3089,3.7412,7.4118,8.405
9.51930859375,-4.1504,3.6491,16.5093,17.4097
9.5379013671875,-7.0516,2.5711,27.3871,28.397
9.556493896484374,-7.3603,5.7093,27.4648,29.0015
9.575086669921877,-5.9222,7.8317,25.285,27.1245
9.5936796875,-7.8102,8.6871,27.405,29.7909
9.6122724609375,-8.1129,8.0686,26.1679,28.5601
9.630865234375,-3.1131,8.8965,23.3707,25.1998
9.649458251953124,-0.3099,6.8818,24.3051,25.2625
9.668051025390625,-3.0987,4.5523,23.391,24.0305
9.686643798828126,-4.5212,3.2758,18.0574,18.9009
9.705236572265624,-2.3486,3.4409,10.1934,11.0119
9.72382958984375,0.5492,2.5029,5.1637,5.7645
9.74242236328125,0.4929,0.6712,3.2877,3.3916
9.76101513671875,0.0586,0.1735,1.4776,1.4889
9.779608154296875,-0.2608,-0.0275,0.7238,0.7699
9.798200927734374,0.3852,-0.1651,0.3254,0.5306
9.816793701171877,2.4837,-0.1519,-0.1208,2.4913
9.83538671875,2.7482,-0.5145,-0.2716,2.8091
9.8539794921875,1.389,-0.999,-0.8734,1.921
9.872572265625,0.2453,-1.1533,-1.3926,1.8248
9.8911650390625,0.2058,-1.3328,-1.4943,2.0129
9.909758056640625,1.3424,-1.1725,-0.5336,1.8605
9.928350830078124,1.2323,-0.9224,1.1509,1.922
9.946943603515624,-0.6808,-0.3996,1.5601,1.7485
9.96553662109375,-1.7228,0.2285,1.4895,2.2889
9.98412939453125,-1.1701,0.585,2.7063,3.0059
10.00272216796875,-0.2285,1.1163,2.9169,3.1315
10.021315185546875,-0.274,2.3701,3.6526,4.3628
10.039907958984376,-1.8461,3.8273,8.3115,9.3347
10.058500732421876,-2.8032,6.4869,15.2578,16.8149
10.07709375,-3.7675,6.6317,24.3697,25.5354
10.0956865234375,-7.4632,4.4136,29.3635,30.6169
10.114279296875,-8.3486,4.8191,30.5205,32.0066
10.132872314453126,-9.0485,5.6913,25.9406,28.0567
10.151465087890625,-9.9817,6.9428,21.3153,24.5393
10.170057861328123,-7.7551,6.798,19.943,22.4517
10.18865087890625,-2.2253,5.0764,20.808,21.5336
10.20724365234375,-0.1089,3.7161,20.4239,20.7595
10.22583642578125,-2.4215,2.6895,16.745,17.1316
10.244429443359374,-2.9958,2.1069,12.2309,12.7675
10.263022216796877,-1.4082,1.9178,6.7262,7.1346
10.281614990234376,-1.4441,1.0612,1.7503,2.505
10.3002080078125,-2.4431,0.2453,-0.0598,2.4561
10.31880078125,-0.6485,0.1687,-0.5168,0.8462
10.3373935546875,2.875,0.3637,0.5767,2.9547
10.355986328125,3.0963,-0.4857,4.4339,5.4298
10.374579345703124,0.2919,-0.4606,2.5603,2.6178
10.393172119140624,-0.9368,-0.6197,-0.3601,1.1796
10.41176513671875,-0.3374,-0.2477,-1.8126,1.8603
10.43035791015625,0.6855,-0.3637,-1.7743,1.9366
10.448950927734376,0.6832,-0.5348,0.0084,0.8676
10.467543701171875,-0.0407,-0.3362,1.6953,1.7288
10.486136474609374,0.408,0.2752,2.6106,2.6565
10.504729248046877,-0.3326,0.9033,3.3165,3.4533
10.523322265625,-1.949,1.5948,4.7151,5.3454
10.5419150390625,-3.588,3.6945,6.1113,7.9919
10.5605078125,-1.5697,3.9003,8.1141,9.1386
10.579100830078126,0.5515,3.2602,15.4517,15.8015
10.597693603515625,-1.9226,2.5065,21.5462,21.7765
10.61628662109375,-1.5613,0.5898,21.0987,21.1646
10.63487939453125,-1.4596,0.2608,19.815,19.8704
10.65347216796875,-0.8435,0.3135,18.2608,18.283
10.672065185546876,-0.8973,0.3876,17.3252,17.3528
10.690657958984374,-1.2371,0.2572,16.5954,16.6435
10.7092509765625,-1.0528,0.3374,14.4395,14.4818
10.72784375,-0.5312,0.6736,12.8937,12.9222
10.746436767578125,0.0658,0.3398,12.6879,12.6927
10.765029541015624,0.8758,0.8315,10.2341,10.3051
10.783622314453124,2.7482,1.8544,6.6353,7.4174
10.80221533203125,2.3462,1.4022,7.0612,7.5718
10.82080810546875,-1.2885,0.0849,8.1811,8.2823
10.839401123046876,-3.4134,1.1462,9.32,9.9914
10.857993896484375,-6.1938,1.9549,11.0345,12.8041
10.876586669921876,-2.8499,1.6499,6.3876,7.1865
10.8951796875,-0.5288,1.9394,3.9517,4.4336
10.9137724609375,-0.9894,1.1797,7.7468,7.8983
