time,seconds_elapsed,z,y,x
1772959465012515600,0.111515625,9.853643417358398,0.3481557071208954,1.4321043491363525
1772959465031109000,0.130109130859375,9.76989459991455,0.30149564146995544,1.4572290182113647
1772959465049702700,0.14870263671875,9.784252166748047,0.2847459018230438,1.6689938306808472
1772959465068296000,0.1672958984375,9.736394882202148,0.1866401731967926,1.8759729862213135
1772959465086889700,0.1858896484375,9.570094108581543,0.06340979784727097,1.8867406845092773
1772959465105483300,0.204483154296875,9.693324089050293,0.07178468257188797,1.9561325311660767
1772959465124076500,0.22307666015625,10.438689231872559,-0.21655045449733734,2.2707886695861816
1772959465142670000,0.241670166015625,12.0933256149292,-1.0648061037063599,2.3473589420318604
1772959465161263600,0.260263671875,14.794822692871094,-2.4119651317596436,2.0793628692626953
1772959465179857200,0.278857177734375,18.20818328857422,-2.032702922821045,-0.15912270545959473
1772959465198450700,0.29745068359375,24.253650665283203,-3.913461446762085,-1.1066805124282837
1772959465217044000,0.3160439453125,27.199214935302734,-6.013163089752197,5.8683977127075195
1772959465235637500,0.334637451171875,27.735206604003906,-6.592226505279541,-2.2995026111602783
1772959465254231000,0.35323095703125,18.634105682373047,-6.626922130584717,0.8279166221618652
1772959465272824600,0.371824462890625,11.282158851623535,-2.0853450298309326,2.200200319290161
1772959465291418000,0.390418212890625,6.9236321449279785,0.22851456701755524,1.9286150932312012
1772959465310011600,0.40901171875,4.400400638580322,0.9930213689804077,2.3736801147460938
1772959465328605200,0.427605224609375,3.7950167655944824,2.496910333633423,1.6307085752487183
1772959465347198700,0.44619873046875,4.0426740646362305,3.212364435195923,0.25722843408584595
1772959465365792000,0.4647919921875,4.351347923278809,2.737389087677002,-0.15074782073497772
1772959465384385500,0.483385498046875,4.7030930519104,2.166700839996338,-0.3170489966869354
1772959465402979000,0.50197900390625,4.540380954742432,2.289931297302246,-1.0372886657714844
1772959465421572600,0.520572509765625,4.195814609527588,2.644068956375122,-1.5493526458740234
1772959465440166100,0.539166259765625,4.347758769989014,2.5663022994995117,-1.7383856773376465
1772959465458759700,0.557759765625,5.869594097137451,2.528017044067383,-2.5052852630615234
1772959465477353200,0.576353271484375,7.971688747406006,2.33180570602417,-2.9479575157165527
1772959465495946500,0.594946533203125,8.639286041259766,1.7958134412765503,-2.63449764251709
1772959465514540000,0.6135400390625,8.23011302947998,2.066202402114868,-2.4849462509155273
1772959465533133600,0.632133544921875,7.45364236831665,2.7361927032470703,-2.3880369663238525
1772959465551727000,0.65072705078125,6.757331371307373,3.339184045791626,-2.1882362365722656
1772959465570320600,0.669320556640625,6.642475605010986,3.4755749702453613,-1.8233308792114258
1772959465588914200,0.6879140625,6.900900363922119,3.5880374908447266,-1.7802600860595703
1772959465607507700,0.7065078125,7.777870178222656,3.469592809677124,-1.8029918670654297
1772959465626101200,0.725101318359375,8.615358352661133,3.0616166591644287,-1.6713865995407104
1772959465644694800,0.74369482421875,8.803194046020508,2.7122645378112793,-1.7491533756256104
1772959465663288300,0.762288330078125,8.414361000061035,2.706282377243042,-1.9860427379608154
1772959465681881600,0.780881591796875,7.984848976135254,2.837887763977051,-2.0518453121185303
1772959465700475100,0.79947509765625,7.936992645263672,2.823530673980713,-1.7491533756256104
1772959465719068700,0.818068603515625,8.323433876037598,2.504088878631592,-1.459621787071228
1772959465737662200,0.836662109375,8.847461700439453,2.1846470832824707,-1.3794622421264648
1772959465756255700,0.855255859375,9.461220741271973,2.045863389968872,-1.3854442834854126
1772959465774849300,0.873849365234375,10.051051139831543,2.094916343688965,-1.1078768968582153
1772959465793442800,0.89244287109375,10.225728034973145,1.9896320104599,-0.6687939167022705
1772959465812036400,0.911036376953125,10.217352867126465,1.9369899034500122,-0.5180460810661316
1772959465830630000,0.9296298828125,9.88833999633789,2.0135602951049805,-0.6137589812278748
1772959465849223400,0.948223388671875,9.541379928588867,2.2193429470062256,-0.4953143000602722
1772959465867817000,0.96681689453125,9.477970123291016,2.420340061187744,-0.01196411345154047
1772959465886410500,0.985410400390625,9.626325607299805,2.586641311645508,0.11006984114646912
1772959465905003800,1.004003662109375,9.747162818908691,2.562713146209717,0.14715859293937683
1772959465923597300,1.022597412109375,9.696913719177246,2.5567309856414795,0.17946170270442963
1772959465942190800,1.04119091796875,9.531808853149414,2.5387847423553467,0.08374879509210587
1772959465960784400,1.059784423828125,9.369096755981445,2.4155545234680176,-0.08614161610603333
1772959465979378000,1.0783779296875,9.365508079528809,2.2444677352905273,-0.2548356056213379
1772959465997971500,1.096971435546875,9.433703422546387,2.227717876434326,-0.4366901218891144
1772959466016565000,1.11556494140625,9.468399047851562,2.449054002761841,-0.3529413342475891
1772959466035158500,1.134158447265625,9.330811500549316,2.572284460067749,-0.19381862878799438
1772959466053752000,1.152751953125,9.377471923828125,2.572284460067749,-0.4654040038585663
1772959466072345600,1.171345703125,9.638289451599121,2.3820550441741943,-0.9798609018325806
1772959466090939100,1.189939208984375,9.783055305480957,2.2791635990142822,-1.4225330352783203
1772959466109532700,1.20853271484375,9.724431037902832,2.2959132194519043,-1.5804593563079834
1772959466128126200,1.227126220703125,9.456435203552246,2.2671995162963867,-1.5565310716629028
1772959466146719700,1.2457197265625,9.139386177062988,2.179861545562744,-1.6965112686157227
1772959466165313300,1.264313232421875,9.095118522644043,2.2995026111602783,-1.7934205532073975
1772959466183906800,1.28290673828125,9.087940216064453,2.2911276817321777,-1.9453648328781128
1772959466202500400,1.301500244140625,8.94556713104248,2.2743778228759766,-2.1032910346984863
1772959466221094000,1.320093994140625,8.937192916870117,2.4394826889038086,-2.252842426300049
1772959466239687400,1.3386875,8.812766075134277,2.557927370071411,-2.365305185317993
1772959466258281000,1.357281005859375,8.80798053741455,2.8319056034088135,-2.2683959007263184
1772959466276874500,1.37587451171875,8.900103569030762,3.1477582454681396,-2.093719720840454
1772959466295468000,1.394468017578125,9.011369705200195,3.2997024059295654,-1.7694923877716064
1772959466314061600,1.4130615234375,9.113064765930176,3.208775281906128,-1.3986048698425293
1772959466332655000,1.431655029296875,9.470791816711426,2.9587252140045166,-1.01814603805542
1772959466351248600,1.45024853515625,9.748359680175781,2.7146573066711426,-0.9403793215751648
1772959466369842200,1.46884228515625,9.957731246948242,2.6464617252349854,-0.8099704384803772
1772959466388435700,1.487435791015625,9.839286804199219,2.7278177738189697,-0.44386860728263855
1772959466407029200,1.506029296875,9.475577354431152,2.8211379051208496,-0.07776673883199692
1772959466425622800,1.524622802734375,9.018548965454102,2.963510751724243,0.04187439754605293
1772959466444216300,1.54321630859375,8.615358352661133,3.1178479194641113,0.17706887423992157
1772959466462809900,1.561809814453125,8.428717613220215,3.091526746749878,0.5958128571510315
1772959466481403400,1.5804033203125,8.561519622802734,3.3367912769317627,0.672383189201355
1772959466499997000,1.598996826171875,8.287541389465332,3.487539052963257,0.5802595019340515
1772959466518590500,1.617590576171875,8.203792572021484,3.583251953125,1.0516455173492432
1772959466537184000,1.63618408203125,8.525627136230469,3.6921253204345703,1.726421594619751
1772959466555777500,1.654777587890625,8.124829292297363,3.658625841140747,1.730010747909546
1772959466574371000,1.67337109375,7.969295978546143,3.403790235519409,2.0578274726867676
1772959466592964600,1.691964599609375,7.688138961791992,2.9934210777282715,1.7587246894836426
1772959466611558100,1.71055810546875,7.637889862060547,3.229114055633545,1.0839486122131348
1772959466630151700,1.729151611328125,8.482556343078613,3.8117663860321045,0.5312066078186035
1772959466648745200,1.7477451171875,10.133604049682617,4.0666022300720215,0.5575276613235474
1772959466667338800,1.7663388671875,11.168499946594238,2.7493531703948975,1.9417755603790283
1772959466685932300,1.784932373046875,11.12303638458252,2.258824586868286,2.289931297302246
1772959466704525800,1.80352587890625,10.49372386932373,2.5770699977874756,2.087737798690796
1772959466723119400,1.822119384765625,9.32602596282959,2.3772692680358887,1.7479569911956787
1772959466741713000,1.840712890625,8.187042236328125,2.2133610248565674,1.5158531665802002
1772959466760306400,1.859306396484375,7.440482139587402,2.2061824798583984,1.428515076637268
1772959466778900000,1.87789990234375,6.385247230529785,1.9070796966552734,1.5074782371520996
1772959466797493500,1.896493408203125,4.913661479949951,1.7718851566314697,1.667797327041626
1772959466816087000,1.915087158203125,3.2721848487854004,1.573280930519104,2.0578274726867676
1772959466834680600,1.9336806640625,3.2542388439178467,2.3916261196136475,2.2887349128723145
1772959466853274000,1.952274169921875,6.135197162628174,2.606980323791504,2.2241287231445312
1772959466871867600,1.97086767578125,9.954142570495605,0.9690931439399719,2.2444677352905273
1772959466890461200,1.989461181640625,11.252248764038086,0.7645068168640137,1.6139588356018066
1772959466909054700,2.0080546875,10.628918647766113,1.8376877307891846,1.5852450132369995
1772959466927648300,2.026648193359375,11.832508087158203,2.6596224308013916,3.077169895172119
1772959466946241800,2.04524169921875,17.79302978515625,3.559323787689209,5.1840500831604
1772959466964835300,2.06383544921875,24.84228515625,3.2757742404937744,6.289534091949463
1772959466983428900,2.082428955078125,26.289941787719727,1.1389836072921753,5.016552448272705
1772959467002022400,2.1010224609375,19.75873374938965,0.900897741317749,3.1561331748962402
1772959467020616000,2.119615966796875,13.942977905273438,2.630908489227295,4.0319061279296875
1772959467039209500,2.13820947265625,13.50748348236084,3.85483717918396,7.04207706451416
1772959467057803000,2.156802978515625,13.60200023651123,4.962714195251465,6.467799663543701
1772959467076396500,2.175396484375,12.77767276763916,5.346762180328369,4.223331928253174
1772959467094990000,2.193989990234375,11.211570739746094,4.804787635803223,2.3700907230377197
1772959467113583600,2.21258349609375,9.061619758605957,4.5308098793029785,0.49651068449020386
1772959467132177200,2.23117724609375,7.021738052368164,4.3896331787109375,0.26081767678260803
1772959467150770700,2.249770751953125,4.831109046936035,3.7016966342926025,-0.07417750358581543
1772959467169364200,2.2683642578125,3.260220766067505,2.7278177738189697,-0.6305087804794312
1772959467187957800,2.286957763671875,2.65842604637146,1.6259230375289917,-1.32921302318573
1772959467206551300,2.30555126953125,2.3365912437438965,0.8590233325958252,-1.420140266418457
1772959467225144800,2.324144775390625,1.8759729862213135,0.6472585201263428,-0.5324030518531799
1772959467243738400,2.34273828125,0.9284151792526245,0.5467599630355835,0.989432156085968
1772959467262332000,2.361331787109375,-0.6352944374084473,0.672383189201355,1.9609181880950928
1772959467280925400,2.379925537109375,-2.0315065383911133,1.0109676122665405,2.4299113750457764
1772959467299519000,2.39851904296875,-2.5124638080596924,1.1832507848739624,2.018345832824707
1772959467318112500,2.417112548828125,-2.179861545562744,0.7668996453285217,1.5206388235092163
1772959467336706000,2.4357060546875,-1.4297115802764893,0.5802595019340515,1.0671988725662231
1772959467355299600,2.454299560546875,0.43549370765686035,0.46061834692955017,1.5900306701660156
1772959467373893000,2.47289306640625,2.912065267562866,0.8374879360198975,2.6943182945251465
1772959467392486700,2.491486572265625,5.288137912750244,2.0614166259765625,4.456632137298584
1772959467411080200,2.510080078125,10.491331100463867,3.662214994430542,5.19960355758667
1772959467429673700,2.528673828125,20.72064781188965,4.194618225097656,5.498706340789795
1772959467448267300,2.547267333984375,24.977479934692383,5.788238048553467,6.553941249847412
1772959467466860800,2.56586083984375,27.01736068725586,10.699506759643555,3.4157543182373047
1772959467485454300,2.584454345703125,40.42075729370117,13.137792587280273,2.6356940269470215
1772959467504047900,2.6030478515625,46.341796875,6.873383045196533,4.845465660095215
1772959467522641400,2.621641357421875,34.82514190673828,5.523830890655518,1.8903298377990723
1772959467541235000,2.64023486328125,21.340389251708984,9.05563735961914,1.0169496536254883
1772959467559828500,2.658828369140625,13.429717063903809,10.869397163391113,1.7958134412765503
1772959467578422000,2.677422119140625,9.42891788482666,9.908679008483887,1.9992033243179321
1772959467597015600,2.696015625,6.156732559204102,6.305087566375732,2.008774518966675
1772959467615609000,2.714609130859375,2.83669114112854,3.6023945808410645,1.828116536140442
1772959467634202600,2.73320263671875,-1.7012969255447388,2.025524377822876,1.3950155973434448
1772959467652796200,2.751796142578125,-4.092923164367676,1.0516455173492432,0.30508488416671753
1772959467671389700,2.7703896484375,-4.040280818939209,0.062213387340307236,-0.4055834412574768
1772959467689983200,2.788983154296875,-2.3162522315979004,-0.8051848411560059,-0.2763710021972656
1772959467708576800,2.80757666015625,-0.6747759580612183,-1.0612168312072754,0.28115665912628174
1772959467727170600,2.826170654296875,-1.2490534782409668,-1.4919248819351196,-0.07058826833963394
1772959467745764000,2.84476416015625,-2.7218358516693115,-1.6378871202468872,-0.6783652305603027
1772959467764357400,2.863357421875,-2.998206853866577,-0.8554341197013855,0.8099704384803772
1772959467782951000,2.881950927734375,-3.9744784832000732,-0.32183465361595154,0.6915257573127747
1772959467801544400,2.90054443359375,-4.126422882080078,-0.16151553392410278,0.9583254456520081
1772959467820138000,2.919137939453125,-3.0687949657440186,-1.3232308626174927,1.7252250909805298
1772959467838731500,2.9377314453125,-0.05742774158716202,-1.451246976852417,1.4524433612823486
1772959467857325000,2.956324951171875,1.191625714302063,-1.6007983684539795,1.191625714302063
1772959467875918600,2.974918701171875,0.5575276613235474,-1.5481562614440918,1.0325030088424683
1772959467894512000,2.99351220703125,0.7824530005455017,-0.9786644577980042,1.3962119817733765
1772959467913105700,3.012105712890625,1.4261223077774048,-0.656829833984375,2.231307029724121
1772959467931699200,3.03069921875,3.693321704864502,0.38763725757598877,2.8103702068328857
1772959467950292700,3.049292724609375,12.218948364257812,4.18863582611084,2.7984061241149902
1772959467968886300,3.06788623046875,26.074588775634766,10.411170959472656,0.7740781307220459
1772959467987479800,3.086479736328125,40.56193161010742,14.701501846313477,2.967100143432617
1772959468006073300,3.1050732421875,48.80640411376953,14.007583618164062,11.514262199401855
1772959468024667000,3.1236669921875,46.97350311279297,11.96172046661377,14.171492576599121
1772959468043260400,3.142260498046875,32.90489959716797,12.911670684814453,6.076572895050049
1772959468061854000,3.16085400390625,20.53520393371582,14.405988693237305,0.2871387302875519
1772959468080447500,3.179447509765625,13.746766090393066,15.139389038085938,-1.3040883541107178
1772959468099041000,3.198041015625,10.366904258728027,13.934602737426758,-0.0323031060397625
1772959468117634600,3.216634521484375,6.376872539520264,11.053644180297852,0.763310432434082
1772959468136228000,3.23522802734375,1.978864312171936,7.287341594696045,-0.41874396800994873
1772959468154821600,3.253821533203125,0.32542386651039124,3.1274192333221436,-2.328216314315796
1772959468173415200,3.272415283203125,1.4871392250061035,0.3601198196411133,-3.7734813690185547
1772959468192008700,3.2910087890625,3.7818562984466553,-0.867398202419281,-3.951746702194214
1772959468210602200,3.309602294921875,3.9014973640441895,-1.664208173751831,-3.407379388809204
1772959468229195800,3.32819580078125,2.414358139038086,-2.148754835128784,-2.4681966304779053
1772959468247789300,3.346789306640625,0.038285162299871445,-2.2301106452941895,-1.7491533756256104
1772959468266382800,3.3653828125,-1.8915263414382935,-1.4835500717163086,-0.6424728631973267
1772959468284976400,3.383976318359375,-3.510270833969116,-0.7884350419044495,-0.35413774847984314
1772959468303570000,3.40256982421875,-4.338187217712402,-0.48454657196998596,-0.040677983313798904
1772959468322163500,3.42116357421875,-4.153940200805664,-0.3613162338733673,0.1746760457754135
1772959468340757000,3.439757080078125,-2.651247501373291,-0.039481572806835175,0.5862415432929993
1772959468359350500,3.4583505859375,-1.3028919696807861,-0.137587308883667,-0.04426721855998039
1772959468377944000,3.476944091796875,0.900897741317749,-0.12203395366668701,-0.4163511395454407
1772959468396537600,3.49553759765625,3.1489546298980713,-0.1782652884721756,-0.5228317379951477
1772959468415131100,3.514131103515625,4.254438877105713,-0.5838487148284912,-1.0648061037063599
1772959468433724700,3.532724609375,3.964907169342041,-0.1866401731967926,-1.4428720474243164
1772959468452318000,3.55131787109375,3.7399818897247314,1.5433706045150757,-0.04307080805301666
1772959468470911500,3.569911376953125,8.402397155761719,3.789034605026245,1.0109676122665405
1772959468489505000,3.588505126953125,19.49073600769043,5.625525951385498,-0.12801600992679596
1772959468508098600,3.6070986328125,31.86641502380371,9.056833267211914,-0.7585247755050659
1772959468526692000,3.625692138671875,37.20360565185547,11.273783683776855,-1.94297194480896
1772959468545285600,3.64428564453125,39.1812744140625,12.863814353942871,-4.1036906242370605
1772959468563879200,3.662879150390625,30.963125228881836,12.53001594543457,-0.849452018737793
1772959468582472700,3.68147265625,17.900705337524414,15.165709495544434,-0.5132604837417603
1772959468601066200,3.700066162109375,10.680363655090332,16.45424461364746,-2.7397818565368652
1772959468619659800,3.71865966796875,8.749356269836426,14.604593276977539,-5.735595703125
1772959468638253300,3.73725341796875,7.004988193511963,9.780662536621094,-5.42572546005249
1772959468656846800,3.755846923828125,5.816951751708984,5.576473236083984,-3.8057844638824463
1772959468675440400,3.7744404296875,5.460421085357666,3.1178479194641113,-1.8221344947814941
1772959468694034000,3.793033935546875,5.117051124572754,1.8436698913574219,-1.557727575302124
1772959468712627500,3.81162744140625,4.498506546020508,0.9427721500396729,-1.4368900060653687
1772959468731221000,3.830220947265625,3.693321704864502,0.40677985548973083,0.09690931439399719
1772959468749814300,3.848814208984375,2.1332013607025146,0.10169496387243271,0.6484549641609192
1772959468768407800,3.86740771484375,-1.1700903177261353,-0.08135596662759781,0.44027936458587646
1772959468787001600,3.886001708984375,-4.1659040451049805,0.02273181453347206,0.7704889178276062
1772959468805595100,3.90459521484375,-5.282155990600586,-0.06939185410737991,1.4009976387023926
1772959468824188700,3.923188720703125,-4.1383867263793945,-0.21296121180057526,2.2468605041503906
1772959468842782000,3.941781982421875,-1.825723648071289,-0.4175475537776947,2.1918256282806396
1772959468861375500,3.96037548828125,-0.3361915946006775,-0.6843472719192505,1.7288143634796143
1772959468879969000,3.978968994140625,1.2059825658798218,-0.8973084688186646,1.454836130142212
1772959468898562600,3.9975625,2.8797619342803955,-1.089930772781372,0.9918249845504761
1772959468917156000,4.016156005859375,3.620340585708618,-0.5850451588630676,0.8267202377319336
1772959468935749600,4.03474951171875,3.095116138458252,-0.14715859293937683,-0.18305093050003052
1772959468954343200,4.05334326171875,2.4095723628997803,-0.061016976833343506,-1.057627558708191
1772959468972936700,4.071936767578125,3.610769271850586,0.4833501875400543,-0.7848458290100098
1772959468991530200,4.0905302734375,6.909275531768799,2.3401806354522705,0.1746760457754135
1772959469010123800,4.109123779296875,17.173288345336914,6.245266914367676,0.16390834748744965
1772959469028717300,4.12771728515625,31.996824264526367,10.120443344116211,0.5790630578994751
1772959469047310800,4.146310791015625,38.088951110839844,14.484951972961426,-0.26560330390930176
1772959469065904000,4.164904052734375,35.07279968261719,12.589836120605469,-4.701896667480469
1772959469084497700,4.18349755859375,34.42793273925781,9.096315383911133,-9.41336441040039
1772959469103091200,4.20209130859375,27.10350227355957,9.316454887390137,-13.077972412109375
1772959469121684700,4.220684814453125,20.252851486206055,10.679167747497559,-13.905888557434082
1772959469140278300,4.2392783203125,14.968301773071289,10.61097240447998,-12.904492378234863
1772959469158871800,4.257871826171875,9.454042434692383,9.890732765197754,-8.181060791015625
1772959469177465300,4.27646533203125,4.628915309906006,8.334200859069824,-1.7611174583435059
1772959469196059000,4.295058837890625,1.7539390325546265,5.974878311157227,2.8929226398468018
1772959469214652400,4.31365234375,0.7190431952476501,3.128615617752075,3.792623996734619
1772959469233246000,4.332245849609375,0.0526420995593071,0.8027920126914978,0.8721838593482971
1772959469251839500,4.350839599609375,0.8410771489143372,-0.5670989751815796,-1.5996019840240479
1772959469270432800,4.369432861328125,2.589034080505371,-1.1258230209350586,-2.6703901290893555
1772959469289026300,4.3880263671875,1.8245272636413574,-1.1461620330810547,-2.4813570976257324
1772959469307619800,4.406619873046875,-0.08733802288770676,-1.2047861814498901,-1.9441684484481812
1772959469326213400,4.42521337890625,-1.8376877307891846,-1.1413763761520386,0.36610186100006104
1772959469344807000,4.443806884765625,-3.0412776470184326,-0.1698904037475586,2.630908489227295
1772959469363400400,4.462400390625,-4.266402721405029,0.09690931439399719,2.3186452388763428
1772959469381994000,4.480993896484375,-3.759124279022217,-0.5730810165405273,1.5146567821502686
1772959469400587500,4.49958740234375,-1.4368900060653687,-1.1330015659332275,0.14117653667926788
1772959469419181000,4.51818115234375,0.6173482537269592,-1.3806586265563965,-0.7740781307220459
1772959469437774300,4.5367744140625,2.0506489276885986,-1.038485050201416,-0.15672987699508667
1772959469456367900,4.555367919921875,2.63449764251709,-0.27397820353507996,0.7704889178276062
1772959469474961400,4.57396142578125,1.9692929983139038,0.7908278703689575,1.7156537771224976
1772959469493555000,4.592554931640625,0.5611169338226318,1.3698909282684326,1.1676974296569824
1772959469512148500,4.6111484375,2.091326951980591,2.2707886695861816,0.9750752449035645
1772959469530742000,4.629741943359375,11.868400573730469,6.5288166999816895,2.087737798690796
1772959469549335600,4.64833544921875,25.334009170532227,13.396217346191406,0.48813581466674805
1772959469567929000,4.66692919921875,37.67738723754883,15.868002891540527,-5.193621635437012
1772959469586522600,4.685522705078125,48.43192672729492,14.551950454711914,-13.16530990600586
1772959469605116000,4.704115966796875,48.06462860107422,9.818947792053223,-12.733406066894531
1772959469623709400,4.72270947265625,36.775291442871094,8.437092781066895,-11.368300437927246
1772959469642303000,4.741302978515625,22.590639114379883,9.239884376525879,-11.291729927062988
1772959469660896500,4.759896484375,10.722238540649414,10.01037311553955,-12.045469284057617
1772959469679490000,4.778489990234375,3.260220766067505,9.724431037902832,-7.310073375701904
1772959469698083600,4.79708349609375,-3.284149169921875,8.050651550292969,-1.4799607992172241
1772959469716677000,4.815677001953125,-6.867401123046875,3.806980848312378,0.7836494445800781
1772959469735270700,4.834270751953125,-4.115654945373535,-0.1950150430202484,0.11126625537872314
1772959469753864000,4.852864013671875,1.1665010452270508,-2.334198474884033,-1.6654045581817627
1772959469772457500,4.87145751953125,4.3752760887146,-2.9515466690063477,-2.2468605041503906
1772959469791051000,4.890051025390625,2.3258235454559326,-2.194218397140503,-1.3782658576965332
1772959469809644500,4.90864453125,-1.9465612173080444,-1.3316057920455933,-0.833898663520813
1772959469828238000,4.927238037109375,-4.8466620445251465,-0.5814558863639832,0.3002992272377014
1772959469846831400,4.945831298828125,-5.163711071014404,-0.17347964644432068,1.31365966796875
1772959469865425000,4.9644248046875,-3.3619158267974854,-0.33499518036842346,1.939382791519165
1772959469884018400,4.983018310546875,0.6197410821914673,-0.3326023519039154,2.640479803085327
1772959469902612000,5.001612060546875,3.4372897148132324,-0.44745782017707825,2.018345832824707
1772959469921205500,5.02020556640625,2.633301258087158,-0.3601198196411133,-0.11605189740657806
1772959469939799000,5.038799072265625,1.4895321130752563,-0.33858439326286316,-1.0767701864242554
1772959469958392600,5.057392578125,1.2598211765289307,-0.16271193325519562,-1.5206388235092163
1772959469976985900,5.07598583984375,1.29810631275177,0.31465616822242737,-1.4464613199234009
1772959469995579400,5.094579345703125,1.6414763927459717,1.0959128141403198,0.061016976833343506
1772959470014173000,5.1131728515625,3.290131092071533,2.0315065383911133,0.882951557636261
1772959470032766500,5.131766357421875,3.731606960296631,2.6943182945251465,0.05742774158716202
1772959470051360000,5.150360107421875,7.689335346221924,3.803391695022583,-1.1341979503631592
1772959470069953500,5.16895361328125,14.834303855895996,6.823133945465088,-1.2550355195999146
1772959470088547000,5.187547119140625,24.947568893432617,13.264612197875977,-3.456432342529297
1772959470107140400,5.206140380859375,34.22095489501953,15.372689247131348,-3.5377883911132812
1772959470125734000,5.22473388671875,45.81657028198242,14.839089393615723,-1.6689938306808472
1772959470144327400,5.243327392578125,45.31168746948242,9.123832702636719,1.3758729696273804
1772959470162921000,5.2619208984375,33.83810043334961,10.743773460388184,-1.8891334533691406
1772959470181514500,5.280514404296875,22.462621688842773,12.741780281066895,-2.2169501781463623
1772959470200108000,5.29910791015625,15.823736190795898,11.528619766235352,-3.128615617752075
1772959470218701300,5.317701416015625,11.118250846862793,7.52423095703125,-3.19441819190979
1772959470237294800,5.336294921875,6.668796539306641,3.9397823810577393,-1.1653046607971191
1772959470255888400,5.354888427734375,3.3619158267974854,0.5850451588630676,-0.9655039310455322
1772959470274482000,5.37348193359375,0.7334001660346985,-0.8626125454902649,-1.6163517236709595
1772959470293075500,5.392075439453125,-0.2787638306617737,-1.6713865995407104,-2.1200408935546875
1772959470311669000,5.4106689453125,-0.18783657252788544,-1.6247265338897705,-2.196611166000366
1772959470330262300,5.42926220703125,-0.8255237936973572,-1.470389485359192,-1.7694923877716064
1772959470348855800,5.447855712890625,-3.2207393646240234,-1.3818551301956177,-1.3818551301956177
1772959470367449300,5.466449462890625,-5.270191669464111,-0.8877372145652771,0.4821537733078003
1772959470386043000,5.48504296875,-5.647061347961426,-0.4331009089946747,2.7254250049591064
1772959470404636200,5.50363623046875,-3.5126636028289795,-0.6269195079803467,3.2829527854919434
1772959470423229700,5.522229736328125,0.16390834748744965,-1.290927767753601,1.688136339187622
1772959470441823200,5.5408232421875,2.3162522315979004,-2.001596212387085,0.008374879136681557
1772959470460416800,5.559416748046875,2.678765058517456,-1.836491346359253,-1.2729816436767578
1772959470479010300,5.57801025390625,2.816352367401123,-0.9475577473640442,-1.4991034269332886
1772959470497603800,5.596603759765625,2.3641088008880615,-0.1782652884721756,-0.9798609018325806
1772959470516197000,5.615197021484375,1.2789636850357056,0.38285163044929504,-0.28953152894973755
1772959470534790700,5.633790771484375,1.5050854682922363,0.9583254456520081,0.28953152894973755
1772959470553384200,5.65238427734375,2.4562325477600098,0.8303094506263733,0.04307080805301666
1772959470571977700,5.670977783203125,3.6370904445648193,1.1461620330810547,-0.040677983313798904
1772959470590571300,5.6895712890625,10.299904823303223,4.301098823547363,1.215553879737854
1772959470609164500,5.70816455078125,20.96710777282715,7.527820110321045,0.5419743061065674
1772959470627758000,5.726758056640625,27.828527450561523,12.098111152648926,-3.2578279972076416
1772959470646351600,5.7453515625,32.644081115722656,14.58186149597168,0.10169496387243271
1772959470664945200,5.763945068359375,41.807395935058594,14.648859977722168,2.939582586288452
1772959470683538400,5.782538330078125,41.575294494628906,10.453045845031738,1.6199408769607544
1772959470702132200,5.80113232421875,30.940393447875977,10.754541397094727,-2.833101987838745
1772959470720725500,5.8197255859375,23.306093215942383,12.344572067260742,-2.6500511169433594
1772959470739319000,5.838319091796875,17.72722625732422,11.20080280303955,-1.0887342691421509
1772959470757912600,5.85691259765625,9.589237213134766,8.157132148742676,-1.0348957777023315
1772959470776505900,5.875505859375,4.108476638793945,3.8871402740478516,-0.8303094506263733
1772959470795099400,5.894099365234375,2.142772674560547,-0.09690931439399719,-1.2945170402526855
1772959470813693000,5.91269287109375,1.7156537771224976,-2.1056840419769287,-3.253042459487915
1772959470832286500,5.931286376953125,1.820937991142273,-2.204986095428467,-4.170690059661865
1772959470850880000,5.9498798828125,1.1748759746551514,-1.6354942321777344,-3.759124279022217
1772959470869473300,5.968473388671875,-0.0323031060397625,-1.3567304611206055,-2.2600209712982178
1772959470888066800,5.98706689453125,-2.4335005283355713,-1.3244273662567139,-0.7345965504646301
1772959470906660400,6.005660400390625,-5.018945693969727,-0.8183453679084778,0.8638089895248413
1772959470925254000,6.02425390625,-6.1603217124938965,-0.22013968229293823,1.7802600860595703
1772959470943847400,6.042847412109375,-4.847858905792236,-0.40319061279296875,2.196611166000366
1772959470962440700,6.061440673828125,-2.3509483337402344,-1.1868400573730469,1.561316728591919
1772959470981034200,6.0800341796875,0.259621262550354,-1.7922241687774658,0.5204389095306396
1772959470999627800,6.098627685546875,2.750549554824829,-1.9669002294540405,-0.672383189201355
1772959471018221000,6.117220947265625,4.001996040344238,-1.8041882514953613,-1.588834285736084
1772959471036814600,6.135814697265625,4.356133460998535,-0.865005373954773,-1.3411771059036255
1772959471055408000,6.154408203125,3.2745778560638428,-0.058624155819416046,-0.9248259663581848
1772959471074001700,6.173001708984375,2.1583259105682373,0.711864709854126,-0.8015955686569214
1772959471092595200,6.19159521484375,2.111665964126587,0.8410771489143372,-0.7824530005455017
1772959471111188500,6.2101884765625,3.830909013748169,1.4225330352783203,0.04426721855998039
1772959471129782000,6.228781982421875,14.500505447387695,4.0079779624938965,2.730210542678833
1772959471148375600,6.24737548828125,23.393430709838867,7.069594383239746,0.5730810165405273
1772959471166969000,6.265968994140625,23.83490562438965,12.431910514831543,-6.019145488739014
1772959471185562600,6.284562744140625,34.10490036010742,14.274383544921875,-1.1724830865859985
1772959471204156000,6.303156005859375,47.58127975463867,13.999208450317383,2.9790642261505127
1772959471222749400,6.32174951171875,41.02494430541992,11.057233810424805,4.058227062225342
1772959471241343000,6.340343017578125,26.924039840698242,13.270594596862793,-1.0097711086273193
1772959471259936300,6.358936279296875,22.42194366455078,13.72523021697998,-1.4021940231323242
1772959471278529800,6.37752978515625,19.76471519470215,11.1373929977417,-0.6293123364448547
1772959471297123300,6.396123291015625,13.417753219604492,7.35314416885376,-0.8889335989952087
1772959471315716900,6.414716796875,6.351747512817383,3.4707891941070557,-1.0671988725662231
1772959471334310100,6.43331005859375,0.44745782017707825,0.8063812255859375,-2.252842426300049
1772959471352903700,6.451903564453125,-2.0650060176849365,-0.6520441770553589,-3.012563705444336
1772959471371497200,6.470497314453125,-2.685943365097046,-1.482353687286377,-2.8809585571289062
1772959471390090800,6.4890908203125,-3.159722328186035,-2.018345832824707,-2.7038896083831787
1772959471408684300,6.507684326171875,-4.4374895095825195,-2.455035924911499,-2.2911276817321777
1772959471427277600,6.526277587890625,-6.323033809661865,-2.231307029724121,0.062213387340307236
1772959471445871000,6.54487109375,-7.874779224395752,-0.9176474809646606,2.8103702068328857
1772959471464464600,6.563464599609375,-6.796812534332275,-0.39960137009620667,4.029513359069824
1772959471483058000,6.582057861328125,-3.680161237716675,-0.9702895879745483,2.0721843242645264
1772959471501651500,6.6006513671875,-0.8865407705307007,-1.6450655460357666,0.9296116232872009
1772959471520245000,6.619244873046875,1.8807586431503296,-2.170290231704712,0.016749758273363113
1772959471538838500,6.637838623046875,3.6634113788604736,-1.734796404838562,-0.6544370055198669
1772959471557431800,6.656431884765625,4.481756687164307,-1.109073281288147,-1.5050854682922363
1772959471576025300,6.675025390625,3.803391695022583,-0.7728816866874695,-1.5242279767990112
1772959471594619000,6.693618896484375,3.1334011554718018,-0.4534398913383484,-1.1413763761520386
1772959471613212400,6.71221240234375,2.6392834186553955,0.5886343717575073,0.05383851006627083
1772959471631805700,6.7308056640625,4.323830604553223,2.6596224308013916,1.2562319040298462
1772959471650399200,6.749399169921875,10.978270530700684,4.610969066619873,1.2705888748168945
1772959471668992800,6.76799267578125,17.946168899536133,6.893722057342529,0.5910272002220154
1772959471696883000,6.795883056640625,30.7585391998291,15.092728614807129,-2.3569302558898926
1772959471715476500,6.8144765625,40.9543571472168,14.555540084838867,2.1475582122802734
1772959471734069800,6.83306982421875,43.44767761230469,14.102100372314453,6.062216281890869
1772959471752663300,6.851663330078125,30.837501525878906,14.709877014160156,4.2831525802612305
1772959471771256800,6.8702568359375,23.21038055419922,16.4913330078125,-0.6173482537269592
1772959471789850000,6.88885009765625,20.273189544677734,14.56511116027832,-1.357926845550537
1772959471808443600,6.907443603515625,16.33938980102539,11.619546890258789,-0.30508488416671753
1772959471827037200,6.926037109375,11.72842025756836,7.496713161468506,1.4608181715011597
1772959471845630700,6.944630615234375,6.258427619934082,3.5150563716888428,1.073180913925171
1772959471864224000,6.96322412109375,1.6498512029647827,1.1425727605819702,-0.973878800868988
1772959471882817500,6.981817626953125,-1.0325030088424683,-0.11605189740657806,-1.643869161605835
1772959471901411000,7.0004111328125,-1.506281852722168,-1.0301101207733154,-1.1497513055801392
1772959471920004600,7.019004638671875,-2.772084951400757,-1.9776679277420044,-0.8410771489143372
1772959471938598000,7.037597900390625,-5.5621161460876465,-2.2468605041503906,-1.4967105388641357
1772959471957191400,7.05619140625,-8.38564682006836,-2.021935224533081,-1.679761528968811
1772959471975784700,7.07478466796875,-7.875975608825684,-1.0085747241973877,-0.15672987699508667
1772959471994378200,7.093378173828125,-4.433900356292725,-0.6843472719192505,2.0578274726867676
1772959472012971800,7.1119716796875,-0.9882357716560364,-0.6305087804794312,2.221735715866089
1772959472031565300,7.1305654296875,0.02392822690308094,-1.0480563640594482,1.4464613199234009
1772959472050158600,7.14915869140625,1.3926228284835815,-0.6891329288482666,0.39481574296951294
1772959472068752100,7.167752197265625,2.289931297302246,-0.21415762603282928,0.6879364848136902
1772959472087345700,7.186345703125,2.8941190242767334,0.4737788736820221,0.3613162338733673
1772959472105939200,7.204939208984375,3.2614171504974365,0.5874379873275757,-0.14356936514377594
1772959472124532500,7.223532470703125,3.2793633937835693,0.638883650302887,-0.3278166949748993
1772959472143126000,7.2421259765625,4.229313850402832,1.6857435703277588,-0.17228323221206665
1772959472161719300,7.26071923828125,5.385047435760498,3.451646566390991,0.7322037220001221
1772959472180312800,7.279312744140625,10.192228317260742,5.55015230178833,-0.2560320198535919
1772959472198906400,7.29790625,17.056039810180664,8.831908226013184,-3.6837503910064697
1772959472217500000,7.3165,26.148765563964844,12.965509414672852,-6.543173313140869
1772959472236093200,7.33509326171875,42.17828369140625,10.814361572265625,-4.3178486824035645
1772959472254686700,7.353686767578125,53.233123779296875,8.691927909851074,-1.4883357286453247
1772959472273280000,7.372280029296875,44.31268310546875,7.460821151733398,-2.7254250049591064
1772959472291873500,7.39087353515625,30.488149642944336,8.979066848754883,-5.325226783752441
1772959472310467000,7.409467041015625,22.449462890625,9.541379928588867,-7.348358154296875
1772959472329060600,7.428060546875,19.43330955505371,7.878368377685547,-6.284748554229736
1772959472347654000,7.44665380859375,14.714662551879883,5.274977684020996,-2.234896421432495
1772959472366247400,7.465247314453125,3.5030922889709473,3.535395383834839,0.40797626972198486
1772959472384841000,7.483841064453125,-5.869594097137451,2.100898265838623,-0.18065811693668365
1772959472403434200,7.502434326171875,-9.091529846191406,-0.01196411345154047,-0.43908295035362244
1772959472422027800,7.52102783203125,-9.373882293701172,-1.5864413976669312,-0.6149554252624512
1772959472440621300,7.539621337890625,-7.6977105140686035,-2.4119651317596436,-0.7417750358581543
1772959472459214600,7.558214599609375,-5.197210788726807,-2.720639228820801,-0.7980063557624817
1772959472477808000,7.57680810546875,-5.680561065673828,-2.2707886695861816,0.5982056856155396
1772959472496401700,7.595401611328125,-5.901896953582764,-1.4344971179962158,2.93001127243042
1772959472514995000,7.613994873046875,-5.008177757263184,-1.4931213855743408,2.441875457763672
1772959472533588500,7.63258837890625,-1.7371892929077148,-1.939382791519165,1.25144624710083
1772959472552182000,7.65118212890625,1.8161523342132568,-1.9645073413848877,0.11485548317432404
1772959472570775600,7.669775634765625,3.1680972576141357,-2.0709879398345947,-0.16749759018421173
1772959472589368800,7.688368896484375,3.8153557777404785,-1.7539390325546265,-0.42352959513664246
1772959472607962400,7.70696240234375,4.526023864746094,-1.3986048698425293,-0.14356936514377594
1772959472626555600,7.7255556640625,4.3070807456970215,-0.6065805554389954,-0.1818545162677765
1772959472645149200,7.744149169921875,3.0448668003082275,-0.06340979784727097,-1.1497513055801392
1772959472663742700,7.76274267578125,3.2997024059295654,0.5850451588630676,-1.4165509939193726
1772959472682336000,7.7813359375,7.202396392822266,1.8269200325012207,-0.9020941257476807
1772959472700929500,7.799929443359375,13.83649730682373,4.284348964691162,-1.0767701864242554
1772959472719523000,7.818523193359375,21.523439407348633,8.26839828491211,-2.7696921825408936
1772959472738116400,7.837116455078125,27.276981353759766,10.887343406677246,-3.1178479194641113
1772959472756710000,7.8557099609375,33.88715362548828,12.659228324890137,-1.4416756629943848
1772959472775303400,7.874303466796875,40.917266845703125,10.666007041931152,0.37088751792907715
1772959472793896700,7.892896728515625,35.13740539550781,10.478170394897461,-2.757728099822998
1772959472812490200,7.911490234375,29.788249969482422,9.875179290771484,-6.241677761077881
1772959472831083800,7.930083740234375,26.830720901489258,8.69910717010498,-5.3455657958984375
1772959472849677300,7.94867724609375,20.158334732055664,6.920042991638184,-2.5076780319213867
1772959472868270600,7.9672705078125,11.502298355102539,3.896711587905884,-1.2143574953079224
1772959472886864100,7.985864013671875,4.9399824142456055,0.9272187948226929,-1.828116536140442
1772959472905457400,8.00445751953125,2.225325107574463,-1.5493526458740234,-3.2315070629119873
1772959472924051000,8.023051025390625,1.8592232465744019,-2.462214469909668,-4.369294166564941
1772959472942644500,8.04164453125,1.3603196144104004,-2.14516544342041,-3.1621150970458984
1772959472961238000,8.060238037109375,-0.5312066078186035,-1.628315806388855,-1.6151553392410278
1772959472979831300,8.078831298828124,-3.032902717590332,-1.2562319040298462,-0.6604190468788147
1772959472998424800,8.0974248046875,-5.617151260375977,-0.7094719409942627,0.5886343717575073
1772959473017018400,8.116018310546876,-7.350750923156738,-0.04785645380616188,0.7178468108177185
1772959473035611600,8.134611572265625,-6.6352972984313965,-0.30508488416671753,0.7202396392822266
1772959473054205200,8.153205078125,-3.253042459487915,-0.8410771489143372,-0.3026920557022095
1772959473072798500,8.171798583984375,-0.003589233849197626,-1.397408366203308,-0.9487541913986206
1772959473091392000,8.19039208984375,2.2755744457244873,-1.714457392692566,-0.9762716293334961
1772959473109985500,8.208985595703124,3.2099716663360596,-1.7982062101364136,-1.1210373640060425
1772959473128579000,8.2275791015625,3.81655216217041,-0.9020941257476807,-0.8841479420661926
1772959473147172400,8.24617236328125,4.261617183685303,0.1986042857170105,0.607776939868927
1772959473165766000,8.264765869140625,4.426722049713135,0.9930213689804077,2.2205393314361572
1772959473184359200,8.283359130859376,5.598008632659912,2.1415762901306152,3.267399311065674
1772959473202952700,8.30195263671875,9.014959335327148,3.634697675704956,3.541377544403076
1772959473221546200,8.320546142578126,15.824932098388672,5.960521221160889,-1.191625714302063
1772959473240139800,8.339139892578125,23.169702529907227,9.806983947753906,-3.8871402740478516
1772959473258733000,8.357733154296875,27.156145095825195,14.120046615600586,-1.430907964706421
1772959473277326600,8.37632666015625,31.046873092651367,13.576875686645508,3.2039895057678223
1772959473295920000,8.394920166015625,36.61138153076172,10.120443344116211,2.146361827850342
1772959473314513400,8.413513427734374,32.482566833496094,9.388239860534668,-2.8725836277008057
1772959473333107000,8.43210693359375,28.74378204345703,8.668000221252441,-5.9784674644470215
1772959473351700500,8.450700439453126,24.945175170898438,6.051448345184326,-7.237092018127441
1772959473370293800,8.469293701171875,18.287147521972656,3.212364435195923,-7.3675007820129395
1772959473388887300,8.48788720703125,11.785847663879395,0.6699903607368469,-5.771488189697266
1772959473407480800,8.506480712890625,6.4905314445495605,-0.9643075466156006,-5.515456199645996
1772959473426074000,8.52507421875,2.3126630783081055,-1.5780665874481201,-5.341976642608643
1772959473444667600,8.543667724609374,-0.6711867451667786,-1.444068431854248,-3.731606960296631
1772959473463261200,8.56226123046875,-3.1764719486236572,-0.7549355626106262,-1.451246976852417
1772959473481854500,8.5808544921875,-6.208178520202637,-0.4630111753940582,0.5778666734695435
1772959473500448000,8.599447998046875,-8.203792572021484,-0.45942193269729614,1.0456634759902954
1772959473519041500,8.61804150390625,-8.995817184448242,-0.13160525262355804,1.0193424224853516
1772959473537634800,8.636634765625,-8.079365730285645,-0.3397808074951172,1.4656038284301758
1772959473556228400,8.655228271484376,-4.847858905792236,-0.5491527915000916,4.004388809204102
1772959473574822000,8.67382177734375,-1.0289137363433838,-1.1042876243591309,4.737788677215576
1772959473593415200,8.692415283203125,1.805384635925293,-1.3639088869094849,3.2446675300598145
1772959473612008700,8.7110087890625,2.551945447921753,-1.5409778356552124,1.0001999139785767
1772959473630602000,8.72960205078125,2.252842426300049,-1.2454642057418823,-0.7668996453285217
1772959473649195500,8.748195556640624,3.675375461578369,-0.7597211599349976,-1.1258230209350586
1772959473667789000,8.7667890625,4.679164886474609,0.040677983313798904,0.05383851006627083
1772959473686382600,8.785382568359376,5.002195835113525,0.9774680733680725,-0.0323031060397625
1772959473704976000,8.803975830078125,10.704292297363281,1.7539390325546265,-2.528017044067383
1772959473723569400,8.8225693359375,19.07558250427246,2.458625316619873,-3.6191442012786865
1772959473742163000,8.841162841796875,19.829320907592773,6.045466423034668,-2.806781053543091
1772959473760756200,8.859756103515625,21.60000991821289,11.170892715454102,-3.359523057937622
1772959473779349800,8.878349853515624,31.829326629638672,10.114460945129395,-2.334198474884033
1772959473797943000,8.896943115234375,41.17210388183594,7.3304123878479,-3.9110686779022217
1772959473816536600,8.91553662109375,38.909690856933594,5.227120876312256,-6.120840549468994
1772959473835130000,8.934130126953125,32.92045211791992,6.083751678466797,-5.7547383308410645
1772959473853723400,8.952723388671876,27.45883560180664,5.891129493713379,-4.457828521728516
1772959473872317000,8.97131689453125,19.592432022094727,6.291927337646484,-1.322034478187561
1772959473890910500,8.989910400390626,11.784651756286621,4.992624282836914,1.2047861814498901
1772959473909504000,9.00850390625,6.206982135772705,2.0374884605407715,0.9248259663581848
1772959473928097300,9.02709716796875,3.730410575866699,-0.7908278703689575,-1.4321043491363525
1772959473946690800,9.04569091796875,2.135594129562378,-1.8616160154342651,-3.5509488582611084
1772959473965284000,9.0642841796875,-0.2309073805809021,-1.8149559497833252,-3.321237802505493
1772959473983877600,9.082877685546874,-2.812762975692749,-1.566102385520935,-0.9762716293334961
1772959474002471200,9.10147119140625,-4.9531426429748535,-1.153340458869934,0.8159525394439697
1772959474021064400,9.120064453125,-6.540780544281006,-0.5144568681716919,0.6089733839035034
1772959474039658000,9.138657958984375,-7.293323516845703,-0.20937198400497437,0.7824530005455017
1772959474058251300,9.157251220703126,-5.511867046356201,-0.7860422134399414,-0.05623133108019829
1772959474076844800,9.1758447265625,-0.4654040038585663,-0.7166503667831421,0.380458801984787
1772959474095438300,9.194438232421875,1.545763373374939,-0.8123632669448853,1.8233308792114258
1772959474114031600,9.213031494140624,1.8113667964935303,-0.7010970115661621,2.5256242752075195
1772959474132625200,9.231625244140625,1.0037890672683716,-0.39840495586395264,0.5455635786056519
1772959474151218700,9.25021875,1.6019947528839111,-0.2871387302875519,-0.8087740540504456
1772959474169812200,9.268812255859375,2.194218397140503,-0.02751746028661728,-1.215553879737854
1772959474188405500,9.287405517578126,2.6177480220794678,0.48095735907554626,-0.35413774847984314
1772959474206999000,9.3059990234375,4.211368083953857,0.7561319470405579,0.09810572862625122
1772959474225592300,9.32459228515625,6.709474563598633,1.7156537771224976,0.2835494875907898
1772959474244185900,9.343185791015625,9.45045280456543,4.383651256561279,1.6151553392410278
1772959474262779400,9.361779296875,14.496915817260742,7.603193759918213,0.7704889178276062
1772959474281372700,9.38037255859375,27.08077049255371,8.039883613586426,-2.258824586868286
1772959474299966200,9.39896630859375,35.54657745361328,6.15553617477417,-0.6640082597732544
1772959474318559500,9.4175595703125,38.21098327636719,7.0025954246521,2.5328028202056885
1772959474337153000,9.436153076171875,34.82155227661133,6.786045074462891,3.1106693744659424
1772959474355746600,9.45474658203125,28.882566452026367,7.945367813110352,0.711864709854126
1772959474374339800,9.47333984375,24.01556396484375,7.071987152099609,-1.100698471069336
1772959474392933400,9.491933349609376,20.027925491333008,5.469992637634277,-2.053041934967041
1772959474411527000,9.51052685546875,14.584254264831543,3.7531423568725586,-1.698904037475586
1772959474430120200,9.5291201171875,9.212367057800293,2.65842604637146,-1.3663017749786377
1772959474448713700,9.547713623046874,4.537988185882568,1.1700903177261353,-2.124826431274414
1772959474467307000,9.56630712890625,1.703689694404602,-0.04546362906694412,-2.2205393314361572
1772959474485900500,9.584900634765624,0.42352959513664246,-0.5491527915000916,-2.6464617252349854
1772959474504494000,9.603494140625,0.007178467698395252,-0.8937192559242249,-2.4705893993377686
1772959474523087400,9.62208740234375,-0.35892340540885925,-0.576670229434967,-0.6017948985099792
1772959474541681000,9.640680908203125,-2.5950162410736084,0.02273181453347206,0.5120640397071838
1772959474560274200,9.659274169921876,-5.285745143890381,0.11126625537872314,0.35054850578308105
1772959474578867700,9.67786767578125,-5.726024627685547,-0.0849452018737793,0.8662018179893494
1772959474597461200,9.696461181640625,-3.2757742404937744,-0.4163511395454407,0.9810572862625122
1772959474616054500,9.715054443359374,-0.15194423496723175,-1.1306086778640747,0.5527420043945312
1772959474634648000,9.73364794921875,1.7527425289154053,-0.973878800868988,0.7836494445800781
1772959474653241600,9.75224169921875,2.4502503871917725,-0.8973084688186646,0.1866401731967926
1772959474671835000,9.7708349609375,2.475374937057495,-0.44027936458587646,-0.8255237936973572
1772959474690428400,9.789428466796876,2.414358139038086,-0.3361915946006775,-0.7836494445800781
1772959474709021700,9.808021728515625,4.177868366241455,0.03349951654672623,-0.7872386574745178
1772959474727615200,9.826615234375,6.708278179168701,0.2309073805809021,-0.8997012972831726
1772959474746208800,9.845208740234375,11.80618667602539,1.4380863904953003,-1.7611174583435059
1772959474764802000,9.863802001953125,17.833707809448242,2.915654420852661,-1.688136339187622
1772959474783395600,9.8823955078125,23.794227600097656,5.4556355476379395,-0.6089733839035034
1772959474801988900,9.90098876953125,25.719253540039062,6.508477687835693,-1.7539390325546265
1772959474820582400,9.91958251953125,30.757341384887695,4.923232555389404,-2.4466612339019775
1772959474839176000,9.938176025390625,31.872398376464844,4.405186653137207,-2.5674986839294434
1772959474857769200,9.956769287109376,28.819156646728516,4.715056896209717,-2.7601208686828613
1772959474876362800,9.97536279296875,25.502704620361328,4.626522541046143,-2.6321048736572266
1772959474894956300,9.993956298828126,21.391834259033203,4.552345275878906,-1.9334007501602173
1772959474913549600,10.012549560546875,17.16969871520996,3.937389612197876,-1.4931213855743408
1772959474932143000,10.03114306640625,11.490334510803223,3.0963125228881836,-1.0504491329193115
1772959474950736400,10.049736328125,8.155936241149902,2.256431818008423,-0.5419743061065674
1772959474969330000,10.068329833984375,5.8372907638549805,1.0145567655563354,-1.0839486122131348
1772959474987923500,10.08692333984375,3.4552359580993652,0.22133609652519226,-1.5074782371520996
1772959475006516700,10.105516845703125,3.0424740314483643,-1.332802176475525,-2.0027925968170166
1772959475025110300,10.1241103515625,3.219542980194092,-1.3962119817733765,-1.2837493419647217
1772959475043703600,10.14270361328125,-0.2715853750705719,-1.1593226194381714,-1.7635103464126587
1772959475062297000,10.161297119140626,-2.190629243850708,-0.4701896607875824,-1.444068431854248
1772959475080890600,10.179890625,-2.5878376960754395,-0.08614161610603333,0.2105683982372284
1772959475099484000,10.19848388671875,-1.8699909448623657,-0.07178468257188797,0.1746760457754135
1772959475118077200,10.2170771484375,-0.6149554252624512,-0.4953143000602722,-0.37088751792907715
1772959475136670700,10.235670654296875,0.519242525100708,-0.6891329288482666,-0.05742774158716202
1772959475155264300,10.25426416015625,0.7178468108177185,-0.7668996453285217,-0.33379876613616943
1772959475173857500,10.272857421875,2.007578134536743,-0.6436693072319031,-0.6005984544754028
1772959475192451000,10.291451171875,3.0652058124542236,-0.534795880317688,-1.0157532691955566
1772959475211044600,10.310044677734375,3.748356580734253,0.05503492057323456,-0.04307080805301666
1772959475229638000,10.328637939453126,4.479363918304443,0.7070791125297546,-0.3720839321613312
1772959475248231400,10.3472314453125,7.63310432434082,0.9667003750801086,-2.280359983444214
1772959475266824700,10.36582470703125,11.155339241027832,1.466800332069397,-2.6321048736572266
1772959475285418200,10.384418212890624,14.252847671508789,2.7864420413970947,-2.7086751461029053
1772959475304011800,10.40301171875,15.9170560836792,2.5603201389312744,-1.8161523342132568
1772959475322605000,10.42160498046875,17.785850524902344,2.5387847423553467,1.2179467678070068
1772959475341198300,10.4401982421875,19.88555335998535,0.8865407705307007,2.851048231124878
1772959475359791900,10.4587919921875,20.335403442382812,-0.04666004329919815,-0.24646073579788208
1772959475378385400,10.477385498046875,20.371295928955078,0.24047867953777313,-1.9106688499450684
1772959475396978700,10.495978759765626,16.29033660888672,1.3962119817733765,-0.2967100143432617
1772959475415572200,10.514572265625,10.941181182861328,2.554338216781616,0.7202396392822266
1772959475434165800,10.533165771484375,11.437692642211914,1.0037890672683716,0.9080761671066284
1772959475452759000,10.551759033203124,16.520048141479492,-0.05503492057323456,-0.16031911969184875
